n_stations,n_iter,time
100,100,6.274000000000001
100,200,7.792999999999999
100,400,11.521
100,800,21.180000000000007
100,1600,68.566
100,3200,86.054
