n_stations,n_iter,time
400,100,9.318999999999999
400,200,13.285
400,400,28.039999999999992
400,800,58.716999999999985
400,1600,105
400,3200,217.046
