n_stations,n_iter,time
900,100,16.321000000000026
900,200,29.442000000000007
900,400,53.99400000000003
900,800,122.25300000000004
900,1600,242.04899999999998
900,3200,517.502
