variable,mean,median,sd,mad,q5,q95,rhat,ess_bulk,ess_tail
theta[1],7.276513703671435,7.277262414954541,0.19318475451650624,0.1927767467441409,6.9625641084599135,7.601340766322846,1.0097011575632215,422.2052474432409,738.6450985759795
theta[2],5.658993702885197,5.655281422302057,0.18025851636510407,0.17711193064264924,5.365472507456029,5.9720877551077125,1.006372964098651,431.4150561761218,709.8458827887072
theta[3],3.9103147949864168,3.90906831302697,0.15399852209023565,0.14760857936054744,3.6607548188289334,4.176296786969286,1.0048376827451213,667.7233414280357,822.8798865500199
theta[4],4.8152515117874675,4.812197796717972,0.17691911563015755,0.1736978256724454,4.528741428872481,5.116864136901671,1.006229031920493,557.0695644229469,1023.1743114867802
